clade	gene	site	alt
A	HA1	184	I
A	HA1	128	D
B	clade	A	
B	HA1	188	E
B	HA1	186	A
C	clade	A	
C	HA1	155	K
C	HA1	160	I
C.1	clade	C	
C.1	HA1	185	T
C.1	HA1	188	E
C.1	HA1	53	Q
C.1	HA1	307	R
C.1.1	clade	C.1	
C.1.1	HA1	141	R
C.1.1	HA1	136	S
C.1.1.1	clade	C.1.1	
C.1.1.1	HA1	215	A
C.1.2	clade	C.1	
C.1.2	HA1	47	P
C.1.3	clade	C.1	
C.1.3	HA1	140	E
C.1.3	HA1	72	T
C.1.4	clade	C.1	
C.1.4	HA1	84	P
C.1.4	HA1	93	N
C.1.4	HA1	320	I
C.1.5	clade	C.1	
C.1.5	nuc	862	G
C.1.5	HA1	184	V
C.1.6	clade	C.1	
C.1.6	HA1	210	Q
C.1.6	HA1	69	I
C.1.6	HA1	168	R
